series,p,published_ansatz_rate_NOT_simulated,absolute_tail_bound,max_weight_summed
gross_idle,0.001,1.6057420198800415e-10,2.6803603299885342e-80,131
gross_idle,0.0001,1.4410857708031742e-16,2.683073647356397e-80,62
gross_shift,0.001,4.0089157800978935e-08,3.0295723100421142e-80,188
gross_shift,0.0001,6.072770625976491e-14,2.807240482490068e-81,79
gross_X,0.001,7.911552370098246e-07,2.1986619186267657e-79,157
gross_X,0.0001,7.309588485526081e-12,8.651485255305128e-80,70
gross_XX,0.001,7.750184928606271e-06,2.512613630591709e-79,172
gross_XX,0.0001,1.0851327839644924e-10,2.0259938862082693e-79,74
gross_Y,0.001,1.1078932712098285e-05,4.200207229632384e-79,172
gross_Y,0.0001,1.0142821514842044e-09,2.6110748130180295e-79,74
gross_inter_XX,0.001,0.002013163065702311,3.590598313700101e-79,232
gross_inter_XX,0.0001,4.811602703718927e-08,9.961374306942715e-80,90
two_gross_idle,0.001,4.517492656480185e-22,2.2814788503738186e-80,235
two_gross_idle,0.0001,2.993069502741873e-40,2.822553749891197e-81,91
two_gross_shift,0.001,1.8020127022206557e-16,1.517036022847206e-80,372
two_gross_shift,0.0001,7.444269929238039e-39,6.82885921049124e-81,122
